{
  "id": "archetericalite",
  "title": "Archeterica Lite",
  "description": "Archeterica Imago Lite",
  "version": "0.5.1",
  "compatibility": {
    "minimum": "10",
    "verified": "10",
    "maximum": "11"
  },
  "authors": [
    {
      "name": "GMonline-ua",
      "url": "https://github.com/GMonlineua",
      "flags": {}
    }
  ],
  "esmodules": [
    "module/archetericalite.mjs"
  ],
  "styles": [
    "css/archetericalite.css"
  ],
  "languages": [
    {
      "lang": "en",
      "name": "English",
      "path": "lang/en.json",
      "flags": {}
    },
    {
      "lang": "uk",
      "name": "Українська",
      "path": "lang/uk.json",
      "flags": {}
    }
  ],
  "background": "nue/defaultscene/fvtt-background.webp",
  "initiative": "2d6",
  "gridDistance": 1,
  "gridUnits": "m",
  "primaryTokenAttribute": "info.hp",
  "url": "https://github.com/GMonlineua/Foundry-ArchetericaLite",
  "manifest": "https://raw.githubusercontent.com/GMonlineua/Foundry-ArchetericaLite/master/system.json",
  "download": "https://github.com/GMonlineua/Foundry-ArchetericaLite/releases/download/v0.5.1-beta/version-0.5.zip",
  "license": "https://github.com/GMonlineua/Foundry-ArchetericaLite/blob/master/LICENSE.md",
  "changelog": "https://github.com/GMonlineua/Foundry-ArchetericaLite/blob/master/CHANGELOG.md"
}
