{
  "Actor": {
    "types": ["character", "npc"],
    "templates": {
      "base": {
        "hp": {
          "value": 12,
          "max": 12
        },
        "stress": 0,
        "infirmity": 0,
        "health": "healthy",
        "faction": "",
        "combat": {
          "brawl": 0,
          "fencing": 0,
          "firearms": 0,
          "throwing": 0
        },
        "mystical": {
          "imago": 1
        },
        "description": {
          "appearance": "",
          "general": "",
          "nature": "",
          "notes": "",
          "biography": ""
        }
      }
    },
    "character": {
      "templates": ["base"],
      "session": 0,
      "ups": 0,
      "deepstress": 0,
      "talentsPyramid":{
        "rank1": 4,
        "rank2": 0,
        "rank3": 0
      },
      "combatExp": {
        "value": 3,
        "max": 3
      },
      "tricks": {
        "value": 0,
        "max": 0
      },
      "mystical": {
        "abyssMark": null,
        "xenomagoGleam": null
      },
      "riches":{
        "accommodation": 0,
        "profit": 0,
        "zloty": 0,
        "marks": 0,
        "info": ""
      }
    },
    "npc": {
      "templates": ["base"]
    }
  },
  "Item": {
    "types": ["biography", "attribute", "negative", "trauma", "comtal", "combatRule", "ability", "metamorphosis", "artifact", "loot", "protection", "weapon"],
    "templates": {
      "base": {
        "description": ""
      },
      "equipment": {
        "quantity": 1,
        "price": 0,
        "elitism": null,
        "weight": null,
        "load": null,
        "uses": {
          "value": null,
          "max": null
        }
      }
    },
    "biography": {
      "templates": ["base"]
    },
    "attribute": {
      "templates": ["base"],
      "plus": 0,
      "talent1": {
        "name": "",
        "rank": 1,
        "upheaval": false
      },
      "talent2": {
        "name": "",
        "rank": 1,
        "upheaval": false
      },
      "talent3": {
        "name": "",
        "rank": 1,
        "upheaval": false
      },
      "talent4": {
        "name": "",
        "rank": 1,
        "upheaval": false
      },
      "talent5": {
        "name": "",
        "rank": 1,
        "upheaval": false
      },
      "talent6": {
        "name": "",
        "rank": 1,
        "upheaval": false
      },
      "talent7": {
        "name": "",
        "rank": 1,
        "upheaval": false
      },
      "talent8": {
        "name": "",
        "rank": 1,
        "upheaval": false
      }
    },
    "negative": {
      "templates": ["base"],
      "rank": 1,
      "minus": 0
    },
    "trauma": {
      "templates": ["base"],
      "type": ""
    },
    "comtal": {
      "templates": ["base"],
      "comtalRank": 2,
      "uses": {
        "value": null,
        "max": null
      }
    },
    "combatRule": {
      "templates": ["base"],
      "uses": {
        "value": null,
        "max": null
      }
    },
    "ability": {
      "templates": ["base"],
      "rank": 1,
      "uses": {
        "value": null,
        "max": null
      }
    },
    "metamorphosis": {
      "templates": ["base"],
      "rank": 1
    },
    "artifact": {
      "templates": ["base", "equipment"],
      "imago": 1
    },
    "loot": {
      "templates": ["base", "equipment"]
    },
    "protection": {
      "templates": ["base", "equipment"],
      "armor": 1,
      "heavyArmor": null
    },
    "weapon": {
      "templates": ["base", "equipment"],
      "fencing": false,
      "firearms": false,
      "throwing": false,
      "damage": "full",
      "armorPiercing": null,
      "lethality": null,
      "twoHanded": false,
      "range": {
        "min": null,
        "max": 1
      },
      "charging": null,
      "roughSight": false,
      "misfire": "none"
    }
  }
}
